USE Taxi;

DBCC CHECKIDENT('Classes', RESEED, 1) 
GO
INSERT INTO Classes VALUES
	('Эконом', 1.0),
	('Комфорт', 1.2),
	('Комфорт+', 1.3),
	('Люкс', 1.6)
GO

DBCC CHECKIDENT('WorkExperience', RESEED, 1) 
GO
INSERT INTO WorkExperience VALUES
	('Стажер', 1, 1),
	('Новичок', 3, 1.2),
	('Бронзовый', 5, 1.4),
	('Серебряный', 6, 1.6),
	('Золотой', 8, 1.7),
	('Платиновый', 10, 1.8)
GO

DBCC CHECKIDENT('Accounts', RESEED, 1) 
GO
INSERT INTO Accounts VALUES
	('leha28', 'gg1234gg', 'Цвет глаз', 'Серый'),
	('vova322', 'pudge', 'Лучший герой в топ', 'Вивер'),
	('kirik1377', 'pivtara', 'Любимый футбольный клуб', 'Спартак'),
	('moh01', 'erevan', 'Размер глаза', '5см'),
	('coolgirl', 'cardib', 'Первая машина', 'Камри3и5'),
	('ultradude', 'catchme', 'Лучший автор', 'Кизару'),
	('weewee', 'fallenmc', 'Имя первого питомца', 'Сява')
GO

INSERT INTO Cars VALUES
	('А540ТВ62', 'Рено', 'Логан', 'Зеленый', 1, 2005, '09ХХ555654', '2012-04-07', 'Нет'),
	('В041ВК97', 'Шкода', 'Октавия', 'Белый', 2, 2008, '15ХУ205354', '2014-05-09', 'Нет'),
	('К480РВ62', 'Киа', 'Рио', 'Серый', 3, 2010, '88АА875054', '2014-12-05', 'Нет'),
	('Н067КЕ62', 'Тойота', 'Рав4', 'Красный', 4, 2009, '51ВВ496654', '2015-11-08', 'Нет'),
	('Е901КЕ62', 'Рено', 'Логан', 'Жёлтый', 1, 2020, '11ХЕ007454', null, 'Да'),
	('Т670РН62', 'Рено', 'Логан', 'Черный', 1, 2014, '65НН515764', '2016-10-01', 'Нет'),
	('Р440ОТ101', 'Киа', 'Сид', 'Синий', 2, 2008, '31ВО964214', '2014-07-07', 'Нет'),
	('М110ММ62', 'Шкода', 'Фабия', 'Черный', 3, 2018, '55УТ011400', '2019-05-19', 'Да'),
	('Е418НА98', 'Мерседес', 'GLS 350', 'Фиолетовый', 4, 2004, '77КВ903664', null, 'Нет')
GO

DBCC CHECKIDENT('Clients', RESEED, 1) 
GO
INSERT INTO Clients VALUES
	('Строилов', 'Алексий', 'Сергеевич', 'Мужской', '2001-12-04', '79036520418'),
	('Вышеградов', 'Кириллл', 'Вячеславович', 'Мужской', '2005-09-05', '79037720413'),
	('Халяль', 'Владимир', 'Али', 'Мужской', '2001-07-15', '79036528814'),
	('Великий', 'Мох', 'Сергеевич', 'Мужской', '2003-05-15', '79436460321'),
	('Пантеонова', 'Арина', 'Антоковна', 'Женский', '2000-04-25', '79996544418'),
	('Бехер', 'Гозлик', null, null, '1998-09-11', '79052280418'),
	('Шумина', 'Виолета', 'Викторовна', 'Женский', '1999-06-18', '79036525479')
GO

DBCC CHECKIDENT('CallSign', RESEED, 1) 
GO
INSERT INTO CallSign VALUES
	('Шумахер', 'А540ТВ62', 'ТТТ5456312899', '6184550453'),
	('Наглосик', 'В041ВК97', 'ККК5331312719', '4026765437'),
	('Гений', 'К480РВ62', 'ВВВ1084230314', '8902662375'),
	('Моднич', 'Н067КЕ62', 'МММ9909474344', '9724520089'),
	('Желтуха', 'Е901КЕ62', 'ТТТ4082482274', '9698251484'),
	('Черныш', 'Т670РН62', 'ООО3145736917', '2561650687'),
	('Старший', 'Р440ОТ101', 'ЕЕЕ2546521346', '9529541824'),
	('Фабос', 'М110ММ62', 'ААА8850974636', '6473806195'),
	('Бандос', 'Е418НА98', 'РРР2558725878', '3810934662')
GO

DBCC CHECKIDENT('Fines', RESEED, 1) 
GO
INSERT INTO Fines VALUES
	(1, 'А540ТВ62', 'Первышение скорости на 20км/ч', '500', '2014-05-09', '23:01:05', 'Да', '2014-06-09'),
	(1, 'А540ТВ62', 'Первышение скорости на 60км/ч', '1500', '2014-05-15', '08:11:19', 'Да', '2014-06-09'),
	(1, 'А540ТВ62', 'Проезд на запрящающий сигнал', '1000', '2019-01-03', '15:07:23', 'Да', '2019-04-29'),
	(6, 'Т670РН62', 'Первышение скорости на 20км/ч', '500', '2016-12-29', '20:19:48', 'Да', '2016-12-30'),
	(6, 'Т670РН62', 'Первышение скорости на 40км/ч', '1000', '2017-11-07', '18:00:01', 'Нет', null),
	(5, 'Е901КЕ62', 'Остановка за стоп-линией', '800', '2022-03-16', '19:05:59', 'Нет', null),
	(9, 'Е418НА98', 'Первышение скорости на 60км/ч', '1500', '2018-09-16', '14:26:40', 'Да', '2018-09-17'),
	(9, 'Е418НА98', 'Проезд на запрящающий сигнал', '1000', '2019-07-09', '16:24:01', 'Да', '2019-10-07'),
	(9, 'Е418НА98', 'Первышение скорости на 40км/ч', '1000', '2022-01-29', '23:44:50', 'Нет', null),
	(7, 'Р440ОТ101', 'Первышение скорости на 80км/ч', '2500', '2015-06-14', '17:34:28', 'Да', '2015-09-01')
GO

DBCC CHECKIDENT('Orders', RESEED, 1) 
GO
INSERT INTO Orders VALUES
	(1, 1, 'Выполнен', '2013-09-06', '18:11:29', 'Рязань', 'Тимуровцев', 26, 'Рязань', 'Зубковой', 17, null),
	(1, 4, 'Выполнен', '2013-09-06', '18:40:05', 'Рязань', 'Кальное', 8, 'Рязань', 'Солненчная', 29, 'С ребенком'),
	(2, 5, 'Выполнен', '2015-12-14', '15:15:14', 'Рязань', 'Ленина', 10, 'Рязань', 'Новосёлов', 25, null),
	(2, 7, 'Выполнен', '2015-12-14', '16:04:18', 'Рязань', 'Зубковой', 17, 'Рязань', 'Гагарина', 19, null),
	(3, 6, 'Выполнен', '2018-08-08', '10:04:56', 'Рязань', 'Новоселов', 8, 'Рязань', 'Свободы', 20, null),
	(3, 5, 'Выполнен', '2018-08-08', '10:30:10', 'Рязань', 'Театральная', 117, 'Рязань', 'Халтурина', 15, null),
	(3, 1, 'Выполнен', '2018-08-08', '10:59:48', 'Рязань', 'Театральная', 5, 'Рязань', 'Советской армии', 11, null),
	(4, 2, 'Выполнен', '2019-04-15', '21:18:00', 'Рязань', 'Южная', 18, 'Рязань', 'Гагарина', 21, null),
	(4, 5, 'Выполнен', '2019-04-15', '21:31:06', 'Рязань', 'Халтурина', 39, 'Рязань', '1-я линия', 91, null),
	(5, 3, 'Выполнен', '2021-11-27', '18:54:49', 'Рязань', 'Гагарина', 15, 'Рязань', 'Московское шоссе', 118, null),
	(5, 4, 'Выполнен', '2021-11-27', '20:04:31', 'Рязань', 'Дзержинского', 89, 'Рязань', 'Ленина', 53, null),
	(6, 2, 'Отменен', '2017-05-24', '08:07:00', 'Рязань', 'Гагарина', 25, 'Рязань', 'Московское шоссе', 3, 'Я пяныйй'),
	(6, 5, 'Выполнен', '2017-05-24', '08:15:16', 'Рязань', 'Новоселов', 61, 'Рязань', 'Свободы', 41, null),
	(7, 7, 'Выполнен', '2019-05-24', '19:08:47', 'Рязань', 'Гагарина', 25, 'Рязань', 'Московское шоссе', 3, 'Я пяныйй'),
	(7, 6, 'Выполнен', '2019-05-24', '20:23:56', 'Рязань', 'Новоселов', 61, 'Рязань', 'Свободы', 41, null),
	(8, 3, 'Отменен', '2018-10-08', '23:08:00', 'Рязань', 'Чкалово', 15, 'Рязань', 'Высоковольтная', 50, null),
	(8, 1, 'Выполнен', '2018-10-09', '00:04:18', 'Рязань', 'Свободы', 04, 'Рязань', 'Новоселов', 8, null),
	(9, 4, 'Выполнен', '2022-09-09', '16:47:09', 'Рязань', 'Шлаково', 87, 'Рязань', 'Новая', 99, null),
	(9, 5, 'В процессе', '2022-09-09', '17:18:06', 'Рязань', 'Театральная', 36, 'Рязань', 'Спортивная', 35, null),
	(3, 6, 'В процессе', '2022-09-09', '19:44:05', 'Рязань', 'Дзержинского', 8, 'Рязань', 'Первомайская', 49, null)
GO

DBCC CHECKIDENT('Waybill', RESEED, 1) 
GO
INSERT INTO Waybill VALUES
	(1, '2013-09-06', '18:00:00', '2013-09-06', '23:06:04', 2, '1080'),
	(2, '2015-12-14', '15:01:25', '2015-12-14', '23:21:11', 2, '1054'),
	(3, '2018-08-08', '10:00:03', '2018-08-08', '15:09:19', 3, '2560'),
	(4, '2019-04-15', '15:01:25', '2019-04-16', '00:01:09', 2, '2896'),
	(5, '2021-11-27', '18:46:11', '2021-11-27', '21:17:56', 2, '2970'),
	(6, '2017-05-24', '08:00:19', '2017-05-24', '09:15:46', 2, '1240'),
	(7, '2019-05-24', '19:04:08', '2019-05-24', '20:25:39', 3, '3100'),
	(8, '2018-10-08', '23:00:58', '2018-10-09', '00:10:18', 2, '690'),
	(9, '2022-09-09', '15:59:08', null, null, 1, '2896'),
	(3, '2022-09-09', '19:40:08', null, null, 0, null)
GO

DBCC CHECKIDENT('Drivers', RESEED, 1) 
GO
INSERT INTO Drivers VALUES
	('Шухин', 'Сергей', null, 4, 'Мужской', '1974-05-19', '79065142531', '2012-09-06', 'На больничном', 'Не в отпуске', 'Не уволен', null),
	('Арсешин', 'Илья', 'Прохорович', 3, 'Мужской', '1986-07-16', '79105723961', '2013-01-04', 'Не на больничном', 'Не в отпуске', 'Не уволен', null),
	('Надежев', 'Алексей', 'Александрович', 5, 'Мужской', '1988-10-04', '79035416581', '2017-10-15', 'Не на больничном', 'В отпуске', 'Не уволен', null),
	('Колипина', 'Мария', 'Викторовна', 3, 'Женский', '1991-08-07', '79870514987', '2013-01-04', 'Не на больничном', 'Не в отпуске', 'Не уволен', null),
	('Аварин', 'Михаил', 'Сергеевич', 1, 'Мужской', '1983-05-27', '79001590201', '2013-01-04', 'Не на больничном', 'Не в отпуске', 'Не уволен', null),
    ('Куприянов', 'Антон', 'Романович', 4, 'Мужской', '1986-08-08', '79091690338', '2012-05-09', 'Не на больничном', 'Не в отпуске', 'Уволен', '2022-04-27'),
	('Ланаев', 'Александр', 'Владимирович', 1, 'Мужской', '1990-02-25', '79991660311', '2013-02-26', 'Не на больничном', 'Не в отпуске', 'Не уволен', null),
	('Артосович', 'Виталий', 'Владиславович', 2, 'Мужской', '1984-10-14', '79062300144', '2013-02-26', 'Не на больничном', 'Не в отпуске', 'Не уволен', null),
	('Костин', 'Николай', 'Артемович', 2, 'Мужской', '1990-12-02', '79561672763', '2014-11-11', 'Не на больничном', 'Не в отпуске', 'Не уволен', null)
GO